"","base_cletri","atc_cod"
"1","SNDS_37","G02AD01"
"2","SNDS_34","G01"
"3","SNDS_17","A03AC04"
"4","SNDS_6","N05CM04"
"5","SNDS_1","G04BD13"
"6","SNDS_50","P01AB51"
"7","SNDS_34","R03DC02"
"8","SNDS_10","M01AA02"
"9","SNDS_30","R06AE55"
"10","SNDS_14","B05CA02"
"11","SNDS_28","D06AX12"
"12","SNDS_8","J07AD01"
"13","SNDS_9","A07AX03"
"14","SNDS_1","A12CD51"
"15","SNDS_40","G04CA52"
"16","SNDS_43","A07CA"
"17","SNDS_17","S01AA27"
"18","SNDS_43","D10AX02"
"19","SNDS_33","N01BA01"
"20","SNDS_32","L01XE43"
"21","SNDS_50","J05AF02"
"22","SNDS_31","J01AA10"
"23","SNDS_45","C07BA12"
"24","SNDS_38","R02AA12"
"25","SNDS_14","L01XD05"
"26","SNDS_32","B01AC08"
"27","SNDS_46","N04BA03"
"28","SNDS_15","A01AB16"
"29","SNDS_50","C02BB"
"30","SNDS_7","H05"
"31","SNDS_25","N06AX23"
"32","SNDS_41","L01XC27"
"33","SNDS_20","R06AX"
"34","SNDS_5","N05AL07"
"35","SNDS_20","R06AB04"
"36","SNDS_13","L01DB08"
"37","SNDS_24","N02CC03"
"38","SNDS_23","A12CE02"
"39","SNDS_25","D05AX"
"40","SNDS_37","L01BC07"
"41","SNDS_12","C01EB09"
"42","SNDS_8","C03AB02"
"43","SNDS_11","V09B"
"44","SNDS_20","G03GA"
"45","SNDS_18","P02BX02"
"46","SNDS_38","C01DX07"
"47","SNDS_44","N02BA77"
"48","SNDS_20","C08DA51"
"49","SNDS_28","N02AA03"
"50","SNDS_50","G03CA06"
"51","SNDS_24","J01DI01"
"52","SNDS_32","L02AA03"
"53","SNDS_6","C10B"
"54","SNDS_25","J01CA04"
"55","SNDS_21","C10AB07"
"56","SNDS_16","B01AB51"
"57","SNDS_7","V06D"
"58","SNDS_3","J01CF04"
"59","SNDS_45","A10BB08"
"60","SNDS_13","N06BA04"
"61","SNDS_11","A03BB01"
"62","SNDS_29","N05AN"
"63","SNDS_44","A07BC01"
"64","SNDS_24","C07AB14"
"65","SNDS_36","L01XE43"
"66","SNDS_36","N01BX01"
"67","SNDS_32","J04AK01"
"68","SNDS_21","M01AE01"
"69","SNDS_39","S01BA08"
"70","SNDS_35","D07CA02"
"71","SNDS_37","B05XA08"
"72","SNDS_49","J06BB11"
"73","SNDS_7","A06AC02"
"74","SNDS_1","B02"
"75","SNDS_30","C02KX"
"76","SNDS_27","J05AB06"
"77","SNDS_24","G03FA"
"78","SNDS_45","P01CX"
"79","SNDS_48","J01DC07"
"80","SNDS_47","C07AB04"
"81","SNDS_16","P01CB01"
"82","SNDS_2","M03BA53"
"83","SNDS_27","G04BX14"
"84","SNDS_36","N03AX18"
"85","SNDS_38","J01EB04"
"86","SNDS_38","C09AA10"
"87","SNDS_2","N06AX07"
"88","SNDS_49","B03AB09"
"89","SNDS_7","A11CC04"
"90","SNDS_17","N06AX19"
"91","SNDS_25","J01B"
"92","SNDS_45","A07D"
"93","SNDS_18","N05AB06"
"94","SNDS_16","D09AA11"
"95","SNDS_23","P01AR01"
"96","SNDS_7","H01BA03"
"97","SNDS_50","V08AB11"
"98","SNDS_18","N05CX05"
"99","SNDS_34","M01AB02"
"100","SNDS_19","C09DA04"
"101","SNDS_9","J01XD02"
"102","SNDS_37","C05AA04"
"103","SNDS_16","M01AC56"
"104","SNDS_39","A03AB07"
"105","SNDS_12","C08GA"
"106","SNDS_38","A07FA51"
"107","SNDS_45","B01AA03"
"108","SNDS_26","M01AH03"
"109","SNDS_6","V04CH01"
"110","SNDS_34","R05DB02"
"111","SNDS_16","M01AG03"
"112","SNDS_4","A01AB14"
"113","SNDS_7","N05AB01"
"114","SNDS_35","M05BB08"
"115","SNDS_18","V03AB14"
"116","SNDS_49","N06BA01"
"117","SNDS_47","J01DB11"
"118","SNDS_23","V09IX06"
"119","SNDS_24","N02AA05"
"120","SNDS_15","C09DX01"
"121","SNDS_20","J05AF13"
"122","SNDS_46","B03AA04"
"123","SNDS_19","G01AC05"
"124","SNDS_17","L03AC"
"125","SNDS_6","C10AX10"
"126","SNDS_11","V06DA"
"127","SNDS_12","C10BX05"
"128","SNDS_49","J01DC09"
"129","SNDS_46","N03AC"
"130","SNDS_8","N02AF01"
"131","SNDS_34","A12AA06"
"132","SNDS_28","N05BB"
"133","SNDS_12","L04AA04"
"134","SNDS_45","A10BD12"
"135","SNDS_38","C01BD02"
"136","SNDS_26","J07AJ"
"137","SNDS_17","C09BA13"
"138","SNDS_4","A12AA07"
"139","SNDS_33","V09IA"
"140","SNDS_18","R07AB03"
"141","SNDS_6","V04CE01"
"142","SNDS_29","A02BB"
"143","SNDS_10","D11AX18"
"144","SNDS_19","M01A"
"145","SNDS_40","R03AC05"
"146","SNDS_9","C02LA50"
"147","SNDS_5","J05AP09"
"148","SNDS_40","A03FA04"
"149","SNDS_32","M01CB"
"150","SNDS_40","A03AB02"
"151","SNDS_42","S01CB"
"152","SNDS_28","V09IB"
"153","SNDS_5","N05AE04"
"154","SNDS_12","N06BC01"
"155","SNDS_15","D06BB08"
"156","SNDS_50","G01"
"157","SNDS_3","A10BH"
"158","SNDS_13","H01CB03"
"159","SNDS_36","A10AB05"
"160","SNDS_42","N03AG01"
"161","SNDS_27","J01DD07"
"162","SNDS_46","V04CK02"
"163","SNDS_48","D07BB04"
"164","SNDS_25","P01AX08"
"165","SNDS_14","L03AB60"
"166","SNDS_42","J05AR08"
"167","SNDS_31","B01AD07"
"168","SNDS_29","A03AB19"
"169","SNDS_10","A12AA03"
"170","SNDS_30","S01EX"
"171","SNDS_38","A12CD01"
"172","SNDS_27","H02AA"
"173","SNDS_21","G03XC01"
"174","SNDS_31","B02B"
"175","SNDS_29","D07XC"
"176","SNDS_8","J04AK04"
"177","SNDS_26","J05AB15"
"178","SNDS_39","R03DC"
"179","SNDS_24","N01AB06"
"180","SNDS_1","R03BB02"
"181","SNDS_30","V09IB"
"182","SNDS_36","A02BX08"
"183","SNDS_44","C07AG01"
"184","SNDS_31","N06DX30"
"185","SNDS_49","R07AX02"
"186","SNDS_30","B03AB10"
"187","SNDS_15","V01AA09"
"188","SNDS_40","B05ZA"
"189","SNDS_38","R05DB03"
"190","SNDS_32","S01AX14"
"191","SNDS_9","N05AX07"
"192","SNDS_50","N04BC09"
"193","SNDS_14","M01AE04"
"194","SNDS_44","J01XB01"
"195","SNDS_32","A03CA02"
"196","SNDS_18","D07XC02"
"197","SNDS_11","J01DB11"
"198","SNDS_16","A08AA"
"199","SNDS_40","N04AA03"
"200","SNDS_22","J06BB07"
"201","SNDS_8","C02LC05"
"202","SNDS_25","V03AB09"
"203","SNDS_38","C09CA02"
"204","SNDS_25","C09CA09"
"205","SNDS_5","J02AX06"
"206","SNDS_35","J01DI01"
"207","SNDS_47","C02AA57"
"208","SNDS_12","N06AB"
"209","SNDS_34","J06BB14"
"210","SNDS_33","J01FA10"
"211","SNDS_9","M03BA05"
"212","SNDS_30","J01CF02"
"213","SNDS_35","P01AB03"
"214","SNDS_30","C07BA02"
"215","SNDS_39","V09GX01"
"216","SNDS_12","N02AJ07"
"217","SNDS_21","C01BC03"
"218","SNDS_26","H02BX"
"219","SNDS_13","C10AX02"
"220","SNDS_38","G03CA01"
"221","SNDS_3","H01B"
"222","SNDS_18","M05"
"223","SNDS_32","M01AA05"
"224","SNDS_50","V10BX01"
"225","SNDS_8","M02AA16"
"226","SNDS_43","J07BC01"
"227","SNDS_16","V08CB03"
"228","SNDS_27","A11CA02"
"229","SNDS_15","N05AD"
"230","SNDS_35","N05BA56"
"231","SNDS_21","H03"
"232","SNDS_6","R06AD03"
"233","SNDS_32","D06C"
"234","SNDS_10","N02AA10"
"235","SNDS_48","N05CA01"
"236","SNDS_34","J05AB11"
"237","SNDS_13","R03BX"
"238","SNDS_46","C09DB08"
"239","SNDS_34","C09DB08"
"240","SNDS_41","G03GA06"
"241","SNDS_16","L01AC"
"242","SNDS_11","C02AA02"
"243","SNDS_10","D11AX"
"244","SNDS_19","R03AB02"
"245","SNDS_45","M01AE03"
"246","SNDS_16","C03EA13"
"247","SNDS_41","L01BC59"
"248","SNDS_38","N01AA"
"249","SNDS_31","J07BD"
"250","SNDS_12","L01CA01"
"251","SNDS_50","B01AA07"
"252","SNDS_14","V09EX"
"253","SNDS_4","G04BX13"
"254","SNDS_27","N05AE05"
"255","SNDS_34","R06AK"
"256","SNDS_35","P02CE"
"257","SNDS_21","A02BA02"
"258","SNDS_15","J01ED"
"259","SNDS_7","L03AX13"
"260","SNDS_20","A11DA"
"261","SNDS_10","J01FF01"
"262","SNDS_42","B05XA11"
"263","SNDS_37","N02CC07"
"264","SNDS_35","D11AX02"
"265","SNDS_37","R01AX01"
"266","SNDS_11","B01AB12"
"267","SNDS_43","N06AB03"
"268","SNDS_47","D06"
"269","SNDS_50","D08AX06"
"270","SNDS_18","J01RA03"
"271","SNDS_18","G03AA01"
"272","SNDS_38","L01AD03"
"273","SNDS_18","S01GX51"
"274","SNDS_27","C01BD01"
"275","SNDS_42","N06BX02"
"276","SNDS_19","D08AG03"
"277","SNDS_21","A05BA05"
"278","SNDS_20","M04AA"
"279","SNDS_45","N02AA58"
"280","SNDS_50","L03AX"
"281","SNDS_28","S01AA18"
"282","SNDS_38","V08AA09"
"283","SNDS_50","J01ED03"
"284","SNDS_19","C01CA13"
"285","SNDS_6","J06BB12"
"286","SNDS_31","C02CC"
"287","SNDS_3","L01CA01"
"288","SNDS_28","V08AC06"
"289","SNDS_16","L01AX01"
"290","SNDS_37","D07B"
"291","SNDS_3","L01CA03"
"292","SNDS_40","A11C"
"293","SNDS_11","J01MA11"
"294","SNDS_8","G01AA02"
"295","SNDS_5","D07AC01"
"296","SNDS_2","V09EB01"
"297","SNDS_40","S01GA06"
"298","SNDS_3","R06AX02"
"299","SNDS_29","B01AA12"
"300","SNDS_46","A16AX04"
"301","SNDS_24","C01EB"
"302","SNDS_23","J01DB08"
"303","SNDS_41","J06BB11"
"304","SNDS_26","J01XX10"
"305","SNDS_6","G01AX01"
"306","SNDS_29","G01AF16"
"307","SNDS_34","N06AA02"
"308","SNDS_39","C09D"
"309","SNDS_30","R06AA06"
"310","SNDS_38","A02AC01"
"311","SNDS_40","H01AC02"
"312","SNDS_19","D07AC12"
"313","SNDS_14","B02BD04"
"314","SNDS_1","A03AC02"
"315","SNDS_27","L01BB02"
"316","SNDS_45","V10BX02"
"317","SNDS_36","J01DC"
"318","SNDS_36","C03BB05"
"319","SNDS_10","N05AH01"
"320","SNDS_3","S01EE03"
"321","SNDS_3","S01EB01"
"322","SNDS_40","A02BX71"
"323","SNDS_41","B01AB09"
"324","SNDS_22","V09CX"
"325","SNDS_34","N05AD01"
"326","SNDS_7","G02CC04"
"327","SNDS_24","G04BD11"
"328","SNDS_17","V07AR"
"329","SNDS_47","L01AB02"
"330","SNDS_9","M01AE56"
"331","SNDS_5","C04AD04"
"332","SNDS_12","R05FB"
"333","SNDS_38","A07EA"
"334","SNDS_49","P01AX08"
"335","SNDS_28","J01ED04"
"336","SNDS_36","J01AA20"
"337","SNDS_1","A16AX13"
"338","SNDS_33","C04AX21"
"339","SNDS_34","H01AC"
"340","SNDS_46","V04CF01"
"341","SNDS_2","M01CB04"
"342","SNDS_20","J07AK"
"343","SNDS_33","M01AC"
"344","SNDS_21","D03AX11"
"345","SNDS_24","S02AA10"
"346","SNDS_22","J01FA14"
"347","SNDS_25","P02"
"348","SNDS_18","A03DC"
"349","SNDS_10","S01GA51"
"350","SNDS_20","N02AA56"
"351","SNDS_15","L01XE23"
"352","SNDS_47","J06BB01"
"353","SNDS_22","N01AB08"
"354","SNDS_29","A02BA03"
"355","SNDS_26","V06CA"
"356","SNDS_36","G03DB03"
"357","SNDS_27","P03AC04"
"358","SNDS_18","A10BD21"
"359","SNDS_50","S01AE04"
"360","SNDS_13","N06AG"
"361","SNDS_3","J01EB06"
"362","SNDS_11","N05AB03"
"363","SNDS_7","R03BA07"
"364","SNDS_44","V04CG03"
"365","SNDS_6","A02BA08"
"366","SNDS_9","L01DB11"
"367","SNDS_16","C07FX01"
"368","SNDS_40","N03AA03"
"369","SNDS_48","D11AH03"
"370","SNDS_44","C01AA06"
"371","SNDS_4","A04AA01"
"372","SNDS_40","G01AF16"
"373","SNDS_20","N05AB03"
"374","SNDS_4","D07AB04"
"375","SNDS_15","J01RA07"
"376","SNDS_33","V04CC01"
"377","SNDS_20","C10BX08"
"378","SNDS_7","C01CA23"
"379","SNDS_28","J07AE01"
"380","SNDS_2","C01DX"
"381","SNDS_28","N05BD01"
"382","SNDS_21","L03AB12"
"383","SNDS_41","A12AA20"
"384","SNDS_33","A11HA"
"385","SNDS_16","C02"
"386","SNDS_44","M01CB05"
"387","SNDS_13","V03AF01"
"388","SNDS_33","R01BA02"
"389","SNDS_15","D07A"
"390","SNDS_32","C01DA54"
"391","SNDS_42","P01BC01"
"392","SNDS_24","A03AD02"
"393","SNDS_18","P01AA01"
"394","SNDS_4","A03AB05"
"395","SNDS_47","A10BD15"
"396","SNDS_20","N01AB01"
"397","SNDS_4","A02"
"398","SNDS_47","D04AA15"
"399","SNDS_18","S01ED05"
"400","SNDS_41","J02AC04"
"401","SNDS_37","J07AH02"
"402","SNDS_3","N01AA02"
"403","SNDS_23","J07AC01"
"404","SNDS_12","V06DA"
"405","SNDS_28","P02DX"
"406","SNDS_35","C05"
"407","SNDS_6","B05CB"
"408","SNDS_17","R01"
"409","SNDS_46","N05CE"
"410","SNDS_8","M02AA07"
"411","SNDS_34","J01DC07"
"412","SNDS_2","M01AB15"
"413","SNDS_16","V09DB05"
"414","SNDS_28","H01BA03"
"415","SNDS_7","N06DA04"
"416","SNDS_35","V08DA03"
"417","SNDS_4","A03AB02"
"418","SNDS_9","R06AX29"
"419","SNDS_25","C03BA11"
"420","SNDS_4","J01DB11"
"421","SNDS_9","N02BB72"
"422","SNDS_45","R05CB02"
"423","SNDS_3","D03AX03"
"424","SNDS_30","D11A"
"425","SNDS_6","N03AG"
"426","SNDS_17","C10BA"
"427","SNDS_12","J01XC01"
"428","SNDS_46","C10AC"
"429","SNDS_38","G04BE02"
"430","SNDS_7","A06"
"431","SNDS_23","V10BX02"
"432","SNDS_22","D05BA03"
"433","SNDS_1","G04BC"
"434","SNDS_41","P01AB06"
"435","SNDS_15","R01AX09"
"436","SNDS_12","N03AA02"
"437","SNDS_20","R06AB06"
"438","SNDS_22","A"
"439","SNDS_28","R01AD05"
"440","SNDS_30","D01BA02"
"441","SNDS_33","A03AA07"
"442","SNDS_45","A01AB10"
"443","SNDS_28","M03"
"444","SNDS_22","A16AX01"
"445","SNDS_7","P02CB"
"446","SNDS_3","B05B"
"447","SNDS_19","L01XX46"
"448","SNDS_14","G03FA15"
"449","SNDS_50","V01AA08"
"450","SNDS_5","A16AB12"
"451","SNDS_35","P01AX11"
"452","SNDS_28","G03FA09"
"453","SNDS_36","J04AB05"
"454","SNDS_19","A10AD04"
"455","SNDS_19","B06AC02"
"456","SNDS_4","N06BA10"
"457","SNDS_17","A04AD02"
"458","SNDS_6","V03AC02"
"459","SNDS_39","C07FB12"
"460","SNDS_29","A03AB09"
"461","SNDS_17","S01JA51"
"462","SNDS_6","R02AA20"
"463","SNDS_39","B05AX01"
"464","SNDS_47","M02AA25"
"465","SNDS_5","G01AX14"
"466","SNDS_4","G03CC03"
"467","SNDS_7","B01AC56"
"468","SNDS_44","N07BA"
"469","SNDS_6","J01FA12"
"470","SNDS_18","S02DA03"
"471","SNDS_15","M05BA08"
"472","SNDS_32","D08AL01"
"473","SNDS_1","M01AE01"
"474","SNDS_14","J01DD17"
"475","SNDS_6","N05CA20"
"476","SNDS_27","V03AE"
"477","SNDS_20","J01FA11"
"478","SNDS_35","C09AA02"
"479","SNDS_19","A16AX07"
"480","SNDS_10","M03BX09"
"481","SNDS_15","B01AE06"
"482","SNDS_24","B05AA07"
"483","SNDS_28","N06AA21"
"484","SNDS_43","M01CC01"
"485","SNDS_15","N06BC"
"486","SNDS_27","B01AC11"
"487","SNDS_4","A06AX06"
"488","SNDS_11","H02A"
"489","SNDS_26","N01AX07"
"490","SNDS_38","G01A"
"491","SNDS_46","P01AA04"
"492","SNDS_41","R02AA10"
"493","SNDS_31","G03CA03"
"494","SNDS_16","A03AX09"
"495","SNDS_23","R03DA04"
"496","SNDS_26","D03AX02"
"497","SNDS_32","R03AL06"
"498","SNDS_37","C07"
"499","SNDS_1","A02AC10"
"500","SNDS_25","J01DD54"
"501","SNDS_35","N06BA01"
"502","SNDS_50","L01AD07"
"503","SNDS_43","R07AX"
"504","SNDS_43","N01BB01"
"505","SNDS_34","S01JA02"
"506","SNDS_19","A14AB03"
"507","SNDS_48","N02CC06"
"508","SNDS_36","N01BB52"
"509","SNDS_1","G01BC"
"510","SNDS_47","B05CB04"
"511","SNDS_11","A06AD14"
"512","SNDS_49","A12CE02"
"513","SNDS_33","J04AM02"
"514","SNDS_1","P01AB06"
"515","SNDS_2","L02AA03"
"516","SNDS_39","L01CA03"
"517","SNDS_6","A06AB08"
"518","SNDS_10","J01RA06"
"519","SNDS_9","C05AA01"
"520","SNDS_37","N02BE51"
"521","SNDS_47","L02BG03"
"522","SNDS_31","S01XA03"
"523","SNDS_12","R03DA11"
"524","SNDS_29","N05AA01"
"525","SNDS_24","N02AX01"
"526","SNDS_35","D10AD05"
"527","SNDS_5","D08AC"
"528","SNDS_47","C03CB02"
"529","SNDS_2","J01XE51"
"530","SNDS_48","P03AB51"
"531","SNDS_38","N05CC04"
"532","SNDS_8","N06AA09"
"533","SNDS_18","V08AA02"
"534","SNDS_4","R05FB"
"535","SNDS_1","C09AA07"
"536","SNDS_2","A07AA02"
"537","SNDS_40","V09BA01"
"538","SNDS_41","V09C"
"539","SNDS_1","A11GB"
"540","SNDS_21","C07AB08"
"541","SNDS_1","G04CB"
"542","SNDS_32","N05CM13"
"543","SNDS_37","G03XC01"
"544","SNDS_2","H03BX"
"545","SNDS_36","M04AB04"
"546","SNDS_29","M02AB01"
"547","SNDS_14","J01ED09"
"548","SNDS_39","G03DB04"
"549","SNDS_36","M01BX"
"550","SNDS_9","L02AE02"
"551","SNDS_22","N03AF"
"552","SNDS_1","C01CA15"
"553","SNDS_30","N02AX03"
"554","SNDS_24","L02AA02"
"555","SNDS_49","C01BD03"
"556","SNDS_29","N04BX"
"557","SNDS_10","V03AM"
"558","SNDS_14","C03AA05"
"559","SNDS_30","N05AL01"
"560","SNDS_19","A04AD04"
"561","SNDS_33","N05BC"
"562","SNDS_33","C07D"
"563","SNDS_1","G01AX05"
"564","SNDS_43","A12AA"
"565","SNDS_1","M01AH02"
"566","SNDS_11","P03AB02"
"567","SNDS_2","P03AC02"
"568","SNDS_20","N05CB02"
"569","SNDS_3","A10BB09"
"570","SNDS_44","S01JA"
"571","SNDS_13","J01DD54"
"572","SNDS_48","A10AB03"
"573","SNDS_19","C02AA52"
"574","SNDS_36","C03BD"
"575","SNDS_15","C01AB01"
"576","SNDS_9","V08CA06"
"577","SNDS_33","D08AC52"
"578","SNDS_18","N06BA13"
"579","SNDS_50","A07AB02"
"580","SNDS_18","G04BE08"
"581","SNDS_36","C03CC02"
"582","SNDS_49","N05AB02"
"583","SNDS_8","C03CX"
"584","SNDS_11","J05AE03"
"585","SNDS_42","H02AB15"
"586","SNDS_45","N05CX06"
"587","SNDS_11","N07"
"588","SNDS_37","G03CC02"
"589","SNDS_13","L01XC03"
"590","SNDS_11","A07XA03"
"591","SNDS_41","A09AA03"
"592","SNDS_5","N05AB06"
"593","SNDS_13","A10BH04"
"594","SNDS_6","C07AA"
"595","SNDS_43","L02AE01"
"596","SNDS_43","L01XC11"
"597","SNDS_13","N02BE51"
"598","SNDS_42","R06AE03"
"599","SNDS_16","N05AB01"
"600","SNDS_43","P03BX"
"601","SNDS_42","D07A"
"602","SNDS_14","J07BH01"
"603","SNDS_29","N05AL03"
"604","SNDS_22","C09AA07"
"605","SNDS_31","A16AB01"
"606","SNDS_36","N01AG01"
"607","SNDS_21","N05CA10"
"608","SNDS_3","A02AD01"
"609","SNDS_12","A02AB02"
"610","SNDS_14","D10AE51"
"611","SNDS_43","J04AK04"
"612","SNDS_39","S01GX07"
"613","SNDS_6","V09CA03"
"614","SNDS_29","N06AX16"
"615","SNDS_7","M03AX"
"616","SNDS_45","A13"
"617","SNDS_35","M01CX"
"618","SNDS_12","C01BA51"
"619","SNDS_29","V07AA"
"620","SNDS_18","P03AA02"
"621","SNDS_36","S01ED01"
"622","SNDS_29","A07AB03"
"623","SNDS_9","V08D"
"624","SNDS_13","B03BA04"
"625","SNDS_12","N07BC06"
"626","SNDS_1","R03DA05"
"627","SNDS_30","R06AC03"
"628","SNDS_7","R03CB03"
"629","SNDS_50","N04AB"
"630","SNDS_7","D07A"
"631","SNDS_40","A04AA05"
"632","SNDS_16","P02CX02"
"633","SNDS_26","C01AA01"
"634","SNDS_43","L01XX01"
"635","SNDS_34","N02BG05"
"636","SNDS_1","V09XA02"
"637","SNDS_19","R03BA"
"638","SNDS_45","R01AD05"
"639","SNDS_2","C01AA01"
"640","SNDS_17","M01BA01"
"641","SNDS_47","R03BA01"
"642","SNDS_37","R01AX05"
"643","SNDS_8","N02CC"
"644","SNDS_38","V09DA05"
"645","SNDS_4","V04CA01"
"646","SNDS_40","S01GX02"
"647","SNDS_34","J05AB09"
"648","SNDS_37","D10"
"649","SNDS_35","H01AA02"
"650","SNDS_35","A03AA01"
"651","SNDS_33","P01AC03"
"652","SNDS_23","N05CF04"
"653","SNDS_8","L03AC02"
"654","SNDS_11","D01AE04"
"655","SNDS_30","J01AA07"
"656","SNDS_22","D11AH01"
"657","SNDS_16","C04AX01"
"658","SNDS_38","J02AC02"
"659","SNDS_18","G01AC03"
"660","SNDS_40","L04AX01"
"661","SNDS_20","D07AC08"
"662","SNDS_9","S02CA"
"663","SNDS_42","R03AC15"
"664","SNDS_16","C01CA08"
"665","SNDS_20","J01MA08"
"666","SNDS_15","L01XE02"
"667","SNDS_21","L01BA"
"668","SNDS_36","A11DA03"
"669","SNDS_49","J06BB08"
"670","SNDS_8","D11AX"
"671","SNDS_41","A12A"
"672","SNDS_36","P02CA04"
"673","SNDS_11","L01BC02"
"674","SNDS_20","N05CB01"
"675","SNDS_22","D10AB"
"676","SNDS_8","N06AX24"
"677","SNDS_28","C07"
"678","SNDS_48","N01AH04"
"679","SNDS_11","P01BB01"
"680","SNDS_31","C02LL01"
"681","SNDS_27","R03AL01"
"682","SNDS_13","A08AB01"
"683","SNDS_50","D11AC01"
"684","SNDS_3","C04AA"
"685","SNDS_3","C10B"
"686","SNDS_39","V09IA04"
"687","SNDS_2","N06AA17"
"688","SNDS_36","C07AA06"
"689","SNDS_48","C08DA01"
"690","SNDS_28","L01DB09"
"691","SNDS_33","A12CC02"
"692","SNDS_8","J05AP55"
"693","SNDS_25","J01AA56"
"694","SNDS_50","G01AX15"
"695","SNDS_18","A01AB22"
"696","SNDS_35","D07CB"
"697","SNDS_23","D07AB"
"698","SNDS_5","S01CB04"
"699","SNDS_49","C01EB11"
"700","SNDS_46","L04AB02"
"701","SNDS_8","D05A"
"702","SNDS_13","R06AX13"
"703","SNDS_11","D08AE05"
"704","SNDS_40","N05AB04"
"705","SNDS_6","C01DX54"
"706","SNDS_9","R03AC07"
"707","SNDS_6","J01XX01"
"708","SNDS_35","C07CG"
"709","SNDS_18","R05CB07"
"710","SNDS_39","L01XC15"
"711","SNDS_10","P01"
"712","SNDS_28","C10BA06"
"713","SNDS_9","A12BA"
"714","SNDS_8","G02AB02"
"715","SNDS_8","D08AH"
"716","SNDS_7","A06AH"
"717","SNDS_46","J01EB06"
"718","SNDS_41","L01XX22"
"719","SNDS_1","G03DC06"
"720","SNDS_10","C08CA03"
"721","SNDS_38","N07BC51"
"722","SNDS_48","P02CC01"
"723","SNDS_49","G04BX03"
"724","SNDS_16","J01AA06"
"725","SNDS_2","R02AX"
"726","SNDS_30","R03AK08"
"727","SNDS_1","M02AA15"
"728","SNDS_26","N05AH"
"729","SNDS_31","B02BX"
"730","SNDS_20","J05AR03"
"731","SNDS_25","N05BA08"
"732","SNDS_38","R06AX25"
"733","SNDS_35","C09DA04"
"734","SNDS_38","N05AH01"
"735","SNDS_27","N05BX01"
"736","SNDS_32","A04AD51"
"737","SNDS_32","V09XA03"
"738","SNDS_16","P01AB05"
"739","SNDS_3","C04AX21"
"740","SNDS_45","J01EC02"
"741","SNDS_48","A06AC02"
"742","SNDS_26","A03BB02"
"743","SNDS_3","C03EA01"
"744","SNDS_25","N02CC07"
"745","SNDS_5","A03AB53"
"746","SNDS_49","J01CA14"
"747","SNDS_25","V09AX04"
"748","SNDS_34","A12CC01"
"749","SNDS_27","S02C"
"750","SNDS_16","N05AA"
"751","SNDS_42","C02KD01"
"752","SNDS_24","D03BA02"
"753","SNDS_22","C01AB51"
"754","SNDS_36","B01AD01"
"755","SNDS_1","J01RA13"
"756","SNDS_36","S01AE03"
"757","SNDS_17","N05C"
"758","SNDS_46","C09DB08"
"759","SNDS_41","L04AB02"
"760","SNDS_35","C04AA"
"761","SNDS_19","B05XA15"
"762","SNDS_40","B06A"
"763","SNDS_14","A06AD02"
"764","SNDS_9","L01XX55"
"765","SNDS_20","N05CM06"
"766","SNDS_38","M01BA02"
"767","SNDS_9","N05BA04"
"768","SNDS_25","S02BA07"
"769","SNDS_30","A07AA11"
"770","SNDS_37","N07AA01"
"771","SNDS_19","A03AC04"
"772","SNDS_43","A03CB04"
"773","SNDS_1","R06AB01"
"774","SNDS_43","C01DX09"
"775","SNDS_17","N05AF03"
"776","SNDS_39","R05CA07"
"777","SNDS_44","J04AC"
"778","SNDS_33","N03AX19"
"779","SNDS_31","A02BA01"
"780","SNDS_8","S01XA18"
"781","SNDS_29","J07CA05"
"782","SNDS_22","M02AB01"
"783","SNDS_6","D05AD"
"784","SNDS_30","D11AX12"
"785","SNDS_16","A10BD14"
"786","SNDS_24","C03D"
"787","SNDS_47","D06BB53"
"788","SNDS_39","D01AC16"
"789","SNDS_12","A02BC53"
"790","SNDS_22","A03DA02"
"791","SNDS_10","A03AC02"
"792","SNDS_33","B05CA09"
"793","SNDS_32","A12B"
"794","SNDS_50","H01C"
"795","SNDS_31","D11AC06"
"796","SNDS_28","A06AC06"
"797","SNDS_42","N05AD05"
"798","SNDS_9","N06CA02"
"799","SNDS_23","B05XB02"
"800","SNDS_36","A11CC20"
"801","SNDS_23","N01BB04"
"802","SNDS_16","C07AA23"
"803","SNDS_7","S01EE02"
"804","SNDS_38","R01AB01"
"805","SNDS_40","G03AB06"
"806","SNDS_44","C04AC02"
"807","SNDS_43","P01CX"
"808","SNDS_2","V09CA02"
"809","SNDS_38","R03BA05"
"810","SNDS_15","P01CX01"
"811","SNDS_7","M01AA01"
"812","SNDS_39","N05AE"
"813","SNDS_22","A03AB"
"814","SNDS_49","N04AA08"
"815","SNDS_30","B01AA01"
"816","SNDS_43","N05BA15"
"817","SNDS_42","C02DC01"
"818","SNDS_27","R06AE07"
"819","SNDS_16","L01XC14"
"820","SNDS_26","R03DA03"
"821","SNDS_31","L02B"
"822","SNDS_33","P01BF03"
"823","SNDS_40","N05AH03"
"824","SNDS_43","J01AA01"
"825","SNDS_29","V03AE04"
"826","SNDS_28","V10XA01"
"827","SNDS_37","A03AE01"
"828","SNDS_27","V09EB02"
"829","SNDS_5","C01CA03"
"830","SNDS_31","C02LC05"
"831","SNDS_7","A05C"
"832","SNDS_44","R01AB01"
"833","SNDS_19","A06AH04"
"834","SNDS_28","A07X"
"835","SNDS_1","A03DC"
"836","SNDS_49","P"
"837","SNDS_24","B06AC04"
"838","SNDS_45","S01F"
"839","SNDS_6","V08AC07"
"840","SNDS_34","J01XA03"
"841","SNDS_34","G03DA02"
"842","SNDS_41","D07AC12"
"843","SNDS_9","N05CF"
"844","SNDS_21","A11HA07"
"845","SNDS_5","A10AD05"
"846","SNDS_4","R03AB02"
"847","SNDS_20","C07CA17"
"848","SNDS_3","V09FX04"
"849","SNDS_41","J01DD06"
"850","SNDS_16","B03XA03"
"851","SNDS_21","S02D"
"852","SNDS_38","A02AB02"
"853","SNDS_5","A12CC"
"854","SNDS_47","C08CA55"
"855","SNDS_14","R01AB06"
"856","SNDS_34","N03AC02"
"857","SNDS_11","B01AC18"
"858","SNDS_19","M01AE09"
"859","SNDS_3","N01BB05"
"860","SNDS_13","N05AX12"
"861","SNDS_31","J01CR01"
"862","SNDS_12","S02AA01"
"863","SNDS_25","R03CC04"
"864","SNDS_2","L02AE01"
"865","SNDS_27","G01AB"
"866","SNDS_14","C03CB"
"867","SNDS_47","R03BB"
"868","SNDS_22","P02CE"
"869","SNDS_47","S01CA09"
"870","SNDS_20","B01AD06"
"871","SNDS_31","L01BB03"
"872","SNDS_15","L01CB"
"873","SNDS_47","R01AX05"
"874","SNDS_24","A04AD11"
"875","SNDS_32","C05CX"
"876","SNDS_30","G01AX01"
"877","SNDS_38","C09BX01"
"878","SNDS_7","G01AF18"
"879","SNDS_1","N03AC02"
"880","SNDS_24","A02AA10"
"881","SNDS_34","A11CC06"
"882","SNDS_25","C01DX13"
"883","SNDS_18","A02AC02"
"884","SNDS_30","J01XE"
"885","SNDS_43","R03AK13"
"886","SNDS_18","R05DB07"
"887","SNDS_36","P03B"
"888","SNDS_39","C04AX26"
"889","SNDS_45","G03FA04"
"890","SNDS_14","C01DA38"
"891","SNDS_11","D04AB07"
"892","SNDS_43","R02AX01"
"893","SNDS_2","J01GA01"
"894","SNDS_10","A10AD01"
"895","SNDS_22","V09CA02"
"896","SNDS_37","V03AE02"
"897","SNDS_2","M01AE13"
"898","SNDS_30","A16AB15"
"899","SNDS_14","R06AA06"
"900","SNDS_46","J07BD51"
"901","SNDS_37","N05BA15"
"902","SNDS_20","N05CM01"
"903","SNDS_1","R01AC05"
"904","SNDS_48","G04BD13"
"905","SNDS_2","A05A"
"906","SNDS_13","A14AA06"
"907","SNDS_18","A02BX06"
"908","SNDS_22","G03FA13"
"909","SNDS_3","C03AA09"
"910","SNDS_45","N02AE01"
"911","SNDS_19","B05CB01"
"912","SNDS_26","A10BD06"
"913","SNDS_40","G01AC05"
"914","SNDS_49","J07BA02"
"915","SNDS_41","N06BA13"
"916","SNDS_49","L03AX10"
"917","SNDS_6","D01AC08"
"918","SNDS_46","G01AC"
"919","SNDS_31","J01FA12"
"920","SNDS_40","J01CR02"
"921","SNDS_5","M02"
"922","SNDS_7","J01AA09"
"923","SNDS_26","V08DA02"
"924","SNDS_21","G03CA06"
"925","SNDS_4","J05AX10"
"926","SNDS_10","M02AA21"
"927","SNDS_8","L01XC06"
"928","SNDS_5","A10BD02"
"929","SNDS_49","S03CA06"
"930","SNDS_5","C01CA08"
"931","SNDS_7","L04AB04"
"932","SNDS_42","D03BA"
"933","SNDS_7","B03AA01"
"934","SNDS_13","N02BG04"
"935","SNDS_43","D06A"
"936","SNDS_37","A03AA06"
"937","SNDS_29","H05BA01"
"938","SNDS_11","G03BA03"
"939","SNDS_5","J01CE30"
"940","SNDS_15","J06BB06"
"941","SNDS_33","A12AA01"
"942","SNDS_33","C05AD02"
"943","SNDS_6","L03AX18"
"944","SNDS_35","D07AB19"
"945","SNDS_19","J07BF03"
"946","SNDS_27","N05AG"
"947","SNDS_9","C01DA55"
"948","SNDS_24","G03AA06"
"949","SNDS_8","N01AA02"
"950","SNDS_3","B03AA01"
"951","SNDS_35","G03FA08"
"952","SNDS_14","G03"
"953","SNDS_3","V04CH30"
"954","SNDS_11","A03AB02"
"955","SNDS_20","A07EC01"
"956","SNDS_11","A07BC01"
"957","SNDS_27","C01DX"
"958","SNDS_24","J01EB01"
"959","SNDS_27","L01BA04"
"960","SNDS_40","M05BB05"
"961","SNDS_20","H01BA02"
"962","SNDS_41","C05BA03"
"963","SNDS_3","L01XE05"
"964","SNDS_29","N01AF02"
"965","SNDS_18","D07CC06"
"966","SNDS_48","M01AX13"
"967","SNDS_42","V03AE"
"968","SNDS_47","C04AA31"
"969","SNDS_45","C01BB02"
"970","SNDS_4","V03AB36"
"971","SNDS_41","B03AB09"
"972","SNDS_14","N05AG"
"973","SNDS_29","V08CA11"
"974","SNDS_24","A01AA51"
"975","SNDS_13","L01XE12"
"976","SNDS_19","P01AC01"
"977","SNDS_27","N01BB57"
"978","SNDS_30","A03AA03"
"979","SNDS_7","M01AH05"
"980","SNDS_18","A10AE03"
"981","SNDS_45","G03CB"
"982","SNDS_9","J07CA06"
"983","SNDS_38","L04AB01"
"984","SNDS_46","L03AX01"
"985","SNDS_4","V06DX"
"986","SNDS_40","S01XA11"
"987","SNDS_20","D01AA20"
"988","SNDS_49","P01C"
"989","SNDS_48","N02CA02"
"990","SNDS_9","S01AD05"
"991","SNDS_35","A01AC01"
"992","SNDS_50","N02AD01"
"993","SNDS_29","G02CA01"
"994","SNDS_35","A03E"
"995","SNDS_17","J01FA"
"996","SNDS_44","A03AX02"
"997","SNDS_35","J04AM02"
"998","SNDS_41","S01XA12"
"999","SNDS_29","J04AD02"
"1000","SNDS_13","C01DX"
